{"agreeableness": -0.21975818276405334, "conscientiousness": -0.8604564070701599, "extroversion": -0.5818119049072266, "neuroticism": 0.2077251672744751, "openness": -0.18589690327644348}